username,email
1,1@example.com
2,2@example.com
3,3@example.com
4,4@example.com
5,5@example.com
6,6@example.com
7,7@example.com
8,8@example.com
9,9@example.com
10,10@example.com
11,11@example.com
12,12@example.com
13,13@example.com
14,14@example.com
15,15@example.com
16,16@example.com
17,17@example.com
18,18@example.com
19,19@example.com
20,20@example.com
21,21@example.com
22,22@example.com
23,23@example.com
24,24@example.com
25,25@example.com
26,26@example.com
27,27@example.com
28,28@example.com
29,29@example.com
30,30@example.com
31,31@example.com
32,32@example.com
33,33@example.com
34,34@example.com
35,35@example.com
36,36@example.com
37,37@example.com
38,38@example.com
39,39@example.com
40,40@example.com
41,41@example.com
42,42@example.com
43,43@example.com
44,44@example.com
45,45@example.com
46,46@example.com
47,47@example.com
48,48@example.com
49,49@example.com
50,50@example.com
51,51@example.com
52,52@example.com
53,53@example.com
54,54@example.com
55,55@example.com
56,56@example.com
57,57@example.com
58,58@example.com
59,59@example.com
60,60@example.com
61,61@example.com
62,62@example.com
63,63@example.com
64,64@example.com
65,65@example.com
66,66@example.com
67,67@example.com
68,68@example.com
69,69@example.com
70,70@example.com
71,71@example.com
72,72@example.com
73,73@example.com
74,74@example.com
75,75@example.com
76,76@example.com
77,77@example.com
78,78@example.com
79,79@example.com
80,80@example.com
81,81@example.com
82,82@example.com
83,83@example.com
84,84@example.com
85,85@example.com
86,86@example.com
87,87@example.com
88,88@example.com
89,89@example.com
90,90@example.com
91,91@example.com
92,92@example.com
93,93@example.com
94,94@example.com
95,95@example.com
96,96@example.com
97,97@example.com
98,98@example.com
99,99@example.com
100,100@example.com
101,101@example.com
102,102@example.com
103,103@example.com
104,104@example.com
105,105@example.com
106,106@example.com
107,107@example.com
108,108@example.com
109,109@example.com
110,110@example.com
111,111@example.com
112,112@example.com
113,113@example.com
114,114@example.com
115,115@example.com
116,116@example.com
117,117@example.com
118,118@example.com
119,119@example.com
120,120@example.com
121,121@example.com
122,122@example.com
123,123@example.com
124,124@example.com
125,125@example.com
126,126@example.com
127,127@example.com
128,128@example.com
129,129@example.com
130,130@example.com
131,131@example.com
132,132@example.com
133,133@example.com
134,134@example.com
135,135@example.com
136,136@example.com
137,137@example.com
138,138@example.com
139,139@example.com
140,140@example.com
141,141@example.com
142,142@example.com
143,143@example.com
144,144@example.com
145,145@example.com
146,146@example.com
147,147@example.com
148,148@example.com
149,149@example.com
150,150@example.com
151,151@example.com
152,152@example.com
153,153@example.com
154,154@example.com
155,155@example.com
156,156@example.com
157,157@example.com
158,158@example.com
159,159@example.com
160,160@example.com
161,161@example.com
162,162@example.com
163,163@example.com
164,164@example.com
165,165@example.com
166,166@example.com
167,167@example.com
168,168@example.com
169,169@example.com
170,170@example.com
171,171@example.com
172,172@example.com
173,173@example.com
174,174@example.com
175,175@example.com
176,176@example.com
177,177@example.com
178,178@example.com
179,179@example.com
180,180@example.com
181,181@example.com
182,182@example.com
183,183@example.com
184,184@example.com
185,185@example.com
186,186@example.com
187,187@example.com
188,188@example.com
189,189@example.com
190,190@example.com
191,191@example.com
192,192@example.com
193,193@example.com
194,194@example.com
195,195@example.com
196,196@example.com
197,197@example.com
198,198@example.com
199,199@example.com
200,200@example.com
201,201@example.com
202,202@example.com
203,203@example.com
204,204@example.com
205,205@example.com
206,206@example.com
207,207@example.com
208,208@example.com
209,209@example.com
210,210@example.com
211,211@example.com
212,212@example.com
213,213@example.com
214,214@example.com
215,215@example.com
216,216@example.com
217,217@example.com
218,218@example.com
219,219@example.com
220,220@example.com
221,221@example.com
222,222@example.com
223,223@example.com
224,224@example.com
225,225@example.com
226,226@example.com
227,227@example.com
228,228@example.com
229,229@example.com
230,230@example.com
231,231@example.com
232,232@example.com
233,233@example.com
234,234@example.com
235,235@example.com
236,236@example.com
237,237@example.com
238,238@example.com
239,239@example.com
240,240@example.com
241,241@example.com
242,242@example.com
243,243@example.com
244,244@example.com
245,245@example.com
246,246@example.com
247,247@example.com
248,248@example.com
249,249@example.com
250,250@example.com
251,251@example.com
252,252@example.com
253,253@example.com
254,254@example.com
255,255@example.com
256,256@example.com
257,257@example.com
258,258@example.com
259,259@example.com
260,260@example.com
261,261@example.com
262,262@example.com
263,263@example.com
264,264@example.com
265,265@example.com
266,266@example.com
267,267@example.com
268,268@example.com
269,269@example.com
270,270@example.com
271,271@example.com
272,272@example.com
273,273@example.com
274,274@example.com
275,275@example.com
276,276@example.com
277,277@example.com
278,278@example.com
279,279@example.com
280,280@example.com
281,281@example.com
282,282@example.com
283,283@example.com
284,284@example.com
285,285@example.com
286,286@example.com
287,287@example.com
288,288@example.com
289,289@example.com
290,290@example.com
291,291@example.com
292,292@example.com
293,293@example.com
294,294@example.com
295,295@example.com
296,296@example.com
297,297@example.com
298,298@example.com
299,299@example.com
300,300@example.com
301,301@example.com
302,302@example.com
303,303@example.com
304,304@example.com
305,305@example.com
306,306@example.com
307,307@example.com
308,308@example.com
309,309@example.com
310,310@example.com
311,311@example.com
312,312@example.com
313,313@example.com
314,314@example.com
315,315@example.com
316,316@example.com
317,317@example.com
318,318@example.com
319,319@example.com
320,320@example.com
321,321@example.com
322,322@example.com
323,323@example.com
324,324@example.com
325,325@example.com
326,326@example.com
327,327@example.com
328,328@example.com
329,329@example.com
330,330@example.com
331,331@example.com
332,332@example.com
333,333@example.com
334,334@example.com
335,335@example.com
336,336@example.com
337,337@example.com
338,338@example.com
339,339@example.com
340,340@example.com
341,341@example.com
342,342@example.com
343,343@example.com
344,344@example.com
345,345@example.com
346,346@example.com
347,347@example.com
348,348@example.com
349,349@example.com
350,350@example.com
351,351@example.com
352,352@example.com
353,353@example.com
354,354@example.com
355,355@example.com
356,356@example.com
357,357@example.com
358,358@example.com
359,359@example.com
360,360@example.com
361,361@example.com
362,362@example.com
363,363@example.com
364,364@example.com
365,365@example.com
366,366@example.com
367,367@example.com
368,368@example.com
369,369@example.com
370,370@example.com
371,371@example.com
372,372@example.com
373,373@example.com
374,374@example.com
375,375@example.com
376,376@example.com
377,377@example.com
378,378@example.com
379,379@example.com
380,380@example.com
381,381@example.com
382,382@example.com
383,383@example.com
384,384@example.com
385,385@example.com
386,386@example.com
387,387@example.com
388,388@example.com
389,389@example.com
390,390@example.com
391,391@example.com
392,392@example.com
393,393@example.com
394,394@example.com
395,395@example.com
396,396@example.com
397,397@example.com
398,398@example.com
399,399@example.com
400,400@example.com
401,401@example.com
402,402@example.com
403,403@example.com
404,404@example.com
405,405@example.com
406,406@example.com
407,407@example.com
408,408@example.com
409,409@example.com
410,410@example.com
411,411@example.com
412,412@example.com
413,413@example.com
414,414@example.com
415,415@example.com
416,416@example.com
417,417@example.com
418,418@example.com
419,419@example.com
420,420@example.com
421,421@example.com
422,422@example.com
423,423@example.com
424,424@example.com
425,425@example.com
426,426@example.com
427,427@example.com
428,428@example.com
429,429@example.com
430,430@example.com
431,431@example.com
432,432@example.com
433,433@example.com
434,434@example.com
435,435@example.com
436,436@example.com
437,437@example.com
438,438@example.com
439,439@example.com
440,440@example.com
441,441@example.com
442,442@example.com
443,443@example.com
444,444@example.com
445,445@example.com
446,446@example.com
447,447@example.com
448,448@example.com
449,449@example.com
450,450@example.com
451,451@example.com
452,452@example.com
453,453@example.com
454,454@example.com
455,455@example.com
456,456@example.com
457,457@example.com
458,458@example.com
459,459@example.com
460,460@example.com
461,461@example.com
462,462@example.com
463,463@example.com
464,464@example.com
465,465@example.com
466,466@example.com
467,467@example.com
468,468@example.com
469,469@example.com
470,470@example.com
471,471@example.com
472,472@example.com
473,473@example.com
474,474@example.com
475,475@example.com
476,476@example.com
477,477@example.com
478,478@example.com
479,479@example.com
480,480@example.com
481,481@example.com
482,482@example.com
483,483@example.com
484,484@example.com
485,485@example.com
486,486@example.com
487,487@example.com
488,488@example.com
489,489@example.com
490,490@example.com
491,491@example.com
492,492@example.com
493,493@example.com
494,494@example.com
495,495@example.com
496,496@example.com
497,497@example.com
498,498@example.com
499,499@example.com
500,500@example.com
501,501@example.com
502,502@example.com
503,503@example.com
504,504@example.com
505,505@example.com
506,506@example.com
507,507@example.com
508,508@example.com
509,509@example.com
510,510@example.com
511,511@example.com
512,512@example.com
513,513@example.com
514,514@example.com
515,515@example.com
516,516@example.com
517,517@example.com
518,518@example.com
519,519@example.com
520,520@example.com
521,521@example.com
522,522@example.com
523,523@example.com
524,524@example.com
525,525@example.com
526,526@example.com
527,527@example.com
528,528@example.com
529,529@example.com
530,530@example.com
531,531@example.com
532,532@example.com
533,533@example.com
534,534@example.com
535,535@example.com
536,536@example.com
537,537@example.com
538,538@example.com
539,539@example.com
540,540@example.com
541,541@example.com
542,542@example.com
543,543@example.com
544,544@example.com
545,545@example.com
546,546@example.com
547,547@example.com
548,548@example.com
549,549@example.com
550,550@example.com
551,551@example.com
552,552@example.com
553,553@example.com
554,554@example.com
555,555@example.com
556,556@example.com
557,557@example.com
558,558@example.com
559,559@example.com
560,560@example.com
561,561@example.com
562,562@example.com
563,563@example.com
564,564@example.com
565,565@example.com
566,566@example.com
567,567@example.com
568,568@example.com
569,569@example.com
570,570@example.com
571,571@example.com
572,572@example.com
573,573@example.com
574,574@example.com
575,575@example.com
576,576@example.com
577,577@example.com
578,578@example.com
579,579@example.com
580,580@example.com
581,581@example.com
582,582@example.com
583,583@example.com
584,584@example.com
585,585@example.com
586,586@example.com
587,587@example.com
588,588@example.com
589,589@example.com
590,590@example.com
591,591@example.com
592,592@example.com
593,593@example.com
594,594@example.com
595,595@example.com
596,596@example.com
597,597@example.com
598,598@example.com
599,599@example.com
600,600@example.com
601,601@example.com
602,602@example.com
603,603@example.com
604,604@example.com
605,605@example.com
606,606@example.com
607,607@example.com
608,608@example.com
609,609@example.com
610,610@example.com